table,table_description,column,type,description,possible_values
lake.bi_rev_adversity_hotels_h,"Header/master table of the relational model. One row per measured pricepoint (report + hotel + domain + advance purchase + length of stay + provider). Contains identification, measurement context, competitive result (BML), aggregated minimum prices, weighting factor, and commercial management data.",pricepoint_id,varchar,"Unique technical identifier for the pricepoint. Built as concatenation of: report_name + domain + crawling_date + hotel_id + los + advance + provider.",—
lake.bi_rev_adversity_hotels_h,"Header/master table of the relational model. One row per measured pricepoint (report + hotel + domain + advance purchase + length of stay + provider). Contains identification, measurement context, competitive result (BML), aggregated minimum prices, weighting factor, and commercial management data.",fk_hsm,varchar,"Same as pricepoint_id but without the provider component. Used for 1:N joins with HSM tables (Sourcing BI hotel portfolio).",—
lake.bi_rev_adversity_hotels_h,"Header/master table of the relational model. One row per measured pricepoint (report + hotel + domain + advance purchase + length of stay + provider). Contains identification, measurement context, competitive result (BML), aggregated minimum prices, weighting factor, and commercial management data.",name_report,varchar,"Report name. Concatenation of competitor and context. Example: Booking Genius L1.",—
lake.bi_rev_adversity_hotels_h,"Header/master table of the relational model. One row per measured pricepoint (report + hotel + domain + advance purchase + length of stay + provider). Contains identification, measurement context, competitive result (BML), aggregated minimum prices, weighting factor, and commercial management data.",competitor,varchar,Competitor crawled in this measurement.,booking | almundo | hoteis.com | expedia | tiquetesbaratos | viajesexito | pricetravel
lake.bi_rev_adversity_hotels_h,"Header/master table of the relational model. One row per measured pricepoint (report + hotel + domain + advance purchase + length of stay + provider). Contains identification, measurement context, competitive result (BML), aggregated minimum prices, weighting factor, and commercial management data.",context,varchar,Access or login condition under which the competitive crawling was executed.,Public | Genius 1 | Genius 2 | Genius 3
lake.bi_rev_adversity_hotels_h,"Header/master table of the relational model. One row per measured pricepoint (report + hotel + domain + advance purchase + length of stay + provider). Contains identification, measurement context, competitive result (BML), aggregated minimum prices, weighting factor, and commercial management data.",domain,varchar,Market (POS) from which the crawl was performed.,AR | BR | MX | CL | CO | PE
lake.bi_rev_adversity_hotels_h,"Header/master table of the relational model. One row per measured pricepoint (report + hotel + domain + advance purchase + length of stay + provider). Contains identification, measurement context, competitive result (BML), aggregated minimum prices, weighting factor, and commercial management data.",source_feed,varchar,Feed the pricepoint belongs to. Defines the competitive universe and operational scope of the measurement.,Revenue | TTPP
lake.bi_rev_adversity_hotels_h,"Header/master table of the relational model. One row per measured pricepoint (report + hotel + domain + advance purchase + length of stay + provider). Contains identification, measurement context, competitive result (BML), aggregated minimum prices, weighting factor, and commercial management data.",pp_is_okr,integer,Boolean flag. Identifies whether the pricepoint belongs to the official universe relevant for the corporate KPI.,1 (included) | 0 (excluded)
lake.bi_rev_adversity_hotels_h,"Header/master table of the relational model. One row per measured pricepoint (report + hotel + domain + advance purchase + length of stay + provider). Contains identification, measurement context, competitive result (BML), aggregated minimum prices, weighting factor, and commercial management data.",crawling_date,date,Date on which the pricepoint was crawled.,—
lake.bi_rev_adversity_hotels_h,"Header/master table of the relational model. One row per measured pricepoint (report + hotel + domain + advance purchase + length of stay + provider). Contains identification, measurement context, competitive result (BML), aggregated minimum prices, weighting factor, and commercial management data.",report_date_time_despegar,timestamp(6) with time zone,Exact timestamp when the Despegar API was crawled.,—
lake.bi_rev_adversity_hotels_h,"Header/master table of the relational model. One row per measured pricepoint (report + hotel + domain + advance purchase + length of stay + provider). Contains identification, measurement context, competitive result (BML), aggregated minimum prices, weighting factor, and commercial management data.",report_date_time_competitor,timestamp(6) with time zone,Exact timestamp when the competitor website was crawled.,—
lake.bi_rev_adversity_hotels_h,"Header/master table of the relational model. One row per measured pricepoint (report + hotel + domain + advance purchase + length of stay + provider). Contains identification, measurement context, competitive result (BML), aggregated minimum prices, weighting factor, and commercial management data.",week_year,varchar,Concatenation of year and week number of crawling_date. Format: YYYY-WW. Example: 2024-38.,—
lake.bi_rev_adversity_hotels_h,"Header/master table of the relational model. One row per measured pricepoint (report + hotel + domain + advance purchase + length of stay + provider). Contains identification, measurement context, competitive result (BML), aggregated minimum prices, weighting factor, and commercial management data.",year,integer,Crawling year.,—
lake.bi_rev_adversity_hotels_h,"Header/master table of the relational model. One row per measured pricepoint (report + hotel + domain + advance purchase + length of stay + provider). Contains identification, measurement context, competitive result (BML), aggregated minimum prices, weighting factor, and commercial management data.",month,integer,Crawling month (1-12).,—
lake.bi_rev_adversity_hotels_h,"Header/master table of the relational model. One row per measured pricepoint (report + hotel + domain + advance purchase + length of stay + provider). Contains identification, measurement context, competitive result (BML), aggregated minimum prices, weighting factor, and commercial management data.",report_day_of_week,varchar,Day of the week of the crawl in English.,Monday | Tuesday | Wednesday | Thursday | Friday | Saturday | Sunday
lake.bi_rev_adversity_hotels_h,"Header/master table of the relational model. One row per measured pricepoint (report + hotel + domain + advance purchase + length of stay + provider). Contains identification, measurement context, competitive result (BML), aggregated minimum prices, weighting factor, and commercial management data.",hotel_despegar_id,varchar,Hotel ID within the Despegar accommodation portfolio.,—
lake.bi_rev_adversity_hotels_h,"Header/master table of the relational model. One row per measured pricepoint (report + hotel + domain + advance purchase + length of stay + provider). Contains identification, measurement context, competitive result (BML), aggregated minimum prices, weighting factor, and commercial management data.",hotel_despegar_name,varchar,Normalized hotel name in the Despegar portfolio.,—
lake.bi_rev_adversity_hotels_h,"Header/master table of the relational model. One row per measured pricepoint (report + hotel + domain + advance purchase + length of stay + provider). Contains identification, measurement context, competitive result (BML), aggregated minimum prices, weighting factor, and commercial management data.",hotel_competitor_id,varchar,Hotel ID within the competitor portfolio.,—
lake.bi_rev_adversity_hotels_h,"Header/master table of the relational model. One row per measured pricepoint (report + hotel + domain + advance purchase + length of stay + provider). Contains identification, measurement context, competitive result (BML), aggregated minimum prices, weighting factor, and commercial management data.",hotel_competitor_name,varchar,Normalized hotel name in the competitor portfolio.,—
lake.bi_rev_adversity_hotels_h,"Header/master table of the relational model. One row per measured pricepoint (report + hotel + domain + advance purchase + length of stay + provider). Contains identification, measurement context, competitive result (BML), aggregated minimum prices, weighting factor, and commercial management data.",country_code,varchar,IATA country code of the destination.,AR | BR | MX | CL | CO | PE | etc.
lake.bi_rev_adversity_hotels_h,"Header/master table of the relational model. One row per measured pricepoint (report + hotel + domain + advance purchase + length of stay + provider). Contains identification, measurement context, competitive result (BML), aggregated minimum prices, weighting factor, and commercial management data.",country,varchar,Destination country name in lowercase.,—
lake.bi_rev_adversity_hotels_h,"Header/master table of the relational model. One row per measured pricepoint (report + hotel + domain + advance purchase + length of stay + provider). Contains identification, measurement context, competitive result (BML), aggregated minimum prices, weighting factor, and commercial management data.",city_code,varchar,City code (CodigoCiudad).,—
lake.bi_rev_adversity_hotels_h,"Header/master table of the relational model. One row per measured pricepoint (report + hotel + domain + advance purchase + length of stay + provider). Contains identification, measurement context, competitive result (BML), aggregated minimum prices, weighting factor, and commercial management data.",city,varchar,Destination city name in lowercase.,—
lake.bi_rev_adversity_hotels_h,"Header/master table of the relational model. One row per measured pricepoint (report + hotel + domain + advance purchase + length of stay + provider). Contains identification, measurement context, competitive result (BML), aggregated minimum prices, weighting factor, and commercial management data.",chain,varchar,"Hotel chain the property belongs to. Examples: Hilton, Riu Hotels and Resorts.",—
lake.bi_rev_adversity_hotels_h,"Header/master table of the relational model. One row per measured pricepoint (report + hotel + domain + advance purchase + length of stay + provider). Contains identification, measurement context, competitive result (BML), aggregated minimum prices, weighting factor, and commercial management data.",area,varchar,Commercial management area assigned to the property.,—
lake.bi_rev_adversity_hotels_h,"Header/master table of the relational model. One row per measured pricepoint (report + hotel + domain + advance purchase + length of stay + provider). Contains identification, measurement context, competitive result (BML), aggregated minimum prices, weighting factor, and commercial management data.",market,varchar,Commercial management market assigned to the property.,—
lake.bi_rev_adversity_hotels_h,"Header/master table of the relational model. One row per measured pricepoint (report + hotel + domain + advance purchase + length of stay + provider). Contains identification, measurement context, competitive result (BML), aggregated minimum prices, weighting factor, and commercial management data.",advance,integer,Days in advance of crawling_date the search was performed (advance purchase / AP).,—
lake.bi_rev_adversity_hotels_h,"Header/master table of the relational model. One row per measured pricepoint (report + hotel + domain + advance purchase + length of stay + provider). Contains identification, measurement context, competitive result (BML), aggregated minimum prices, weighting factor, and commercial management data.",los,integer,Length of stay in nights measured for the pricepoint (LOS).,—
lake.bi_rev_adversity_hotels_h,"Header/master table of the relational model. One row per measured pricepoint (report + hotel + domain + advance purchase + length of stay + provider). Contains identification, measurement context, competitive result (BML), aggregated minimum prices, weighting factor, and commercial management data.",check_in,date,Check-in date. Calculated as crawling_date + advance.,—
lake.bi_rev_adversity_hotels_h,"Header/master table of the relational model. One row per measured pricepoint (report + hotel + domain + advance purchase + length of stay + provider). Contains identification, measurement context, competitive result (BML), aggregated minimum prices, weighting factor, and commercial management data.",check_out,date,Check-out date. Calculated as check_in + los.,—
lake.bi_rev_adversity_hotels_h,"Header/master table of the relational model. One row per measured pricepoint (report + hotel + domain + advance purchase + length of stay + provider). Contains identification, measurement context, competitive result (BML), aggregated minimum prices, weighting factor, and commercial management data.",travel_type,varchar,Indicates whether the trip is domestic or international. Determined by comparing domain with the hotel destination country.,NAC (domestic) | INT (international)
lake.bi_rev_adversity_hotels_h,"Header/master table of the relational model. One row per measured pricepoint (report + hotel + domain + advance purchase + length of stay + provider). Contains identification, measurement context, competitive result (BML), aggregated minimum prices, weighting factor, and commercial management data.",availability,varchar,"Indicates whether Despegar and/or the competitor have availability for the measured pricepoint. The official KPI requires filtering by availability = 'Both'.",Both (both available) | Despegar (only Despegar) | Competitor (only competitor) | None (neither)
lake.bi_rev_adversity_hotels_h,"Header/master table of the relational model. One row per measured pricepoint (report + hotel + domain + advance purchase + length of stay + provider). Contains identification, measurement context, competitive result (BML), aggregated minimum prices, weighting factor, and commercial management data.",provider_despegar,varchar,Provider that won Despegar's internal fare competition for this pricepoint.,DESP | HBG | EXP | etc.
lake.bi_rev_adversity_hotels_h,"Header/master table of the relational model. One row per measured pricepoint (report + hotel + domain + advance purchase + length of stay + provider). Contains identification, measurement context, competitive result (BML), aggregated minimum prices, weighting factor, and commercial management data.",currency,varchar,Currency used for prices in this pricepoint.,—
lake.bi_rev_adversity_hotels_h,"Header/master table of the relational model. One row per measured pricepoint (report + hotel + domain + advance purchase + length of stay + provider). Contains identification, measurement context, competitive result (BML), aggregated minimum prices, weighting factor, and commercial management data.",partner_offer,varchar,"Indicates whether the competitor (Booking) is offering a Partner Offer: an exclusive negotiated rate, generally more aggressive than standard rates. Can explain losses not attributable to the base fare.",—
lake.bi_rev_adversity_hotels_h,"Header/master table of the relational model. One row per measured pricepoint (report + hotel + domain + advance purchase + length of stay + provider). Contains identification, measurement context, competitive result (BML), aggregated minimum prices, weighting factor, and commercial management data.",preferred_program_competitor,varchar,"Indicates whether the hotel is enrolled in the competitor's preferred partner program (e.g. Booking Preferred Partner), which may grant higher visibility or special rates.",—
lake.bi_rev_adversity_hotels_h,"Header/master table of the relational model. One row per measured pricepoint (report + hotel + domain + advance purchase + length of stay + provider). Contains identification, measurement context, competitive result (BML), aggregated minimum prices, weighting factor, and commercial management data.",payment_type_despegar,varchar,Payment type of the winning Despegar fare.,prepaid | paid at destination
lake.bi_rev_adversity_hotels_h,"Header/master table of the relational model. One row per measured pricepoint (report + hotel + domain + advance purchase + length of stay + provider). Contains identification, measurement context, competitive result (BML), aggregated minimum prices, weighting factor, and commercial management data.",base_price_despegar_min,decimal(28_2),Minimum base price for Despegar. The lower value between base_price_despegar_pp and base_price_despegar_pad.,—
lake.bi_rev_adversity_hotels_h,"Header/master table of the relational model. One row per measured pricepoint (report + hotel + domain + advance purchase + length of stay + provider). Contains identification, measurement context, competitive result (BML), aggregated minimum prices, weighting factor, and commercial management data.",base_price_competitor,double,Estimated competitor base price before fees and discounts.,—
lake.bi_rev_adversity_hotels_h,"Header/master table of the relational model. One row per measured pricepoint (report + hotel + domain + advance purchase + length of stay + provider). Contains identification, measurement context, competitive result (BML), aggregated minimum prices, weighting factor, and commercial management data.",base_price_variation,double,"Base price percentage variation. Formula: (base_price_despegar_min - base_price_competitor) / base_price_competitor. Only calculated when both have availability and competitor price > 0.",—
lake.bi_rev_adversity_hotels_h,"Header/master table of the relational model. One row per measured pricepoint (report + hotel + domain + advance purchase + length of stay + provider). Contains identification, measurement context, competitive result (BML), aggregated minimum prices, weighting factor, and commercial management data.",basebml,varchar,BML classification calculated on the base fare. Operational view used primarily by Sourcing and Travel Partners.,BEAT | MEET | LOSE
lake.bi_rev_adversity_hotels_h,"Header/master table of the relational model. One row per measured pricepoint (report + hotel + domain + advance purchase + length of stay + provider). Contains identification, measurement context, competitive result (BML), aggregated minimum prices, weighting factor, and commercial management data.",total_price_despegar_min,decimal(25_4),Minimum total price for Despegar. The lower value between total_price_despegar_pp and total_price_despegar_pad.,—
lake.bi_rev_adversity_hotels_h,"Header/master table of the relational model. One row per measured pricepoint (report + hotel + domain + advance purchase + length of stay + provider). Contains identification, measurement context, competitive result (BML), aggregated minimum prices, weighting factor, and commercial management data.",total_price_competitor,decimal(15_2),"Estimated total final price for the competitor, including all fees and promotions. For Booking, includes the Booking Pays incentive.",—
lake.bi_rev_adversity_hotels_h,"Header/master table of the relational model. One row per measured pricepoint (report + hotel + domain + advance purchase + length of stay + provider). Contains identification, measurement context, competitive result (BML), aggregated minimum prices, weighting factor, and commercial management data.",total_price_variation,decimal(38_14),Total price percentage variation. Calculated analogously to base_price_variation.,—
lake.bi_rev_adversity_hotels_h,"Header/master table of the relational model. One row per measured pricepoint (report + hotel + domain + advance purchase + length of stay + provider). Contains identification, measurement context, competitive result (BML), aggregated minimum prices, weighting factor, and commercial management data.",finalbml,varchar,BML classification calculated on the final total fare. Official field for the corporate Revenue KPI.,BEAT | MEET | LOSE
lake.bi_rev_adversity_hotels_h,"Header/master table of the relational model. One row per measured pricepoint (report + hotel + domain + advance purchase + length of stay + provider). Contains identification, measurement context, competitive result (BML), aggregated minimum prices, weighting factor, and commercial management data.",weight,decimal(29_8),"Pricepoint weighting factor. Represents relative importance within the market. Built considering Despegar GB representativity and inferred Booking relevance (based on hotel review signals).",—
lake.bi_rev_adversity_hotels_h,"Header/master table of the relational model. One row per measured pricepoint (report + hotel + domain + advance purchase + length of stay + provider). Contains identification, measurement context, competitive result (BML), aggregated minimum prices, weighting factor, and commercial management data.",url_despegar,varchar,URL of the Despegar screenshot stored in S3. Available for 3 months from crawling date.,—
lake.bi_rev_adversity_hotels_h,"Header/master table of the relational model. One row per measured pricepoint (report + hotel + domain + advance purchase + length of stay + provider). Contains identification, measurement context, competitive result (BML), aggregated minimum prices, weighting factor, and commercial management data.",url_competitor,varchar,URL of the competitor screenshot stored in S3. Available for 3 months from crawling date.,—
lake.bi_rev_adversity_hotels_h,"Header/master table of the relational model. One row per measured pricepoint (report + hotel + domain + advance purchase + length of stay + provider). Contains identification, measurement context, competitive result (BML), aggregated minimum prices, weighting factor, and commercial management data.",ops_team,varchar,Commercial operations team assigned to the property.,—
lake.bi_rev_adversity_hotels_h,"Header/master table of the relational model. One row per measured pricepoint (report + hotel + domain + advance purchase + length of stay + provider). Contains identification, measurement context, competitive result (BML), aggregated minimum prices, weighting factor, and commercial management data.",account_type,varchar,Commercial account type assigned to the property.,—
lake.bi_rev_adversity_hotels_h,"Header/master table of the relational model. One row per measured pricepoint (report + hotel + domain + advance purchase + length of stay + provider). Contains identification, measurement context, competitive result (BML), aggregated minimum prices, weighting factor, and commercial management data.",aacc,varchar,Account Executive assigned to the property.,—
lake.bi_rev_adversity_hotels_h,"Header/master table of the relational model. One row per measured pricepoint (report + hotel + domain + advance purchase + length of stay + provider). Contains identification, measurement context, competitive result (BML), aggregated minimum prices, weighting factor, and commercial management data.",eecc,varchar,Commercial Executive assigned to the property.,—
lake.bi_rev_adversity_hotels_s_rates,"Satellite price detail table. One row per pricepoint (same granularity as _h). Contains all disaggregated price components for both Despegar (PP and PAD payment types) and the competitor: base prices, total prices, taxes, fees, discounts, and Booking-specific fields.",pricepoint_id,varchar,Unique technical identifier for the pricepoint. Same value as in bi_rev_adversity_hotels_h.,—
lake.bi_rev_adversity_hotels_s_rates,"Satellite price detail table. One row per pricepoint (same granularity as _h). Contains all disaggregated price components for both Despegar (PP and PAD payment types) and the competitor: base prices, total prices, taxes, fees, discounts, and Booking-specific fields.",crawling_date,date,Date on which the pricepoint was crawled.,—
lake.bi_rev_adversity_hotels_s_rates,"Satellite price detail table. One row per pricepoint (same granularity as _h). Contains all disaggregated price components for both Despegar (PP and PAD payment types) and the competitor: base prices, total prices, taxes, fees, discounts, and Booking-specific fields.",base_price_despegar_pp,decimal(28_2),Despegar base price for prepaid (PP). Includes hotel price plus commission and basic taxes.,—
lake.bi_rev_adversity_hotels_s_rates,"Satellite price detail table. One row per pricepoint (same granularity as _h). Contains all disaggregated price components for both Despegar (PP and PAD payment types) and the competitor: base prices, total prices, taxes, fees, discounts, and Booking-specific fields.",base_price_despegar_pad,decimal(23_2),Despegar base price for pay-at-destination (PAD). Includes hotel price plus commission and basic taxes.,—
lake.bi_rev_adversity_hotels_s_rates,"Satellite price detail table. One row per pricepoint (same granularity as _h). Contains all disaggregated price components for both Despegar (PP and PAD payment types) and the competitor: base prices, total prices, taxes, fees, discounts, and Booking-specific fields.",base_price_competitor,double,Estimated competitor base price before fees and discounts.,—
lake.bi_rev_adversity_hotels_s_rates,"Satellite price detail table. One row per pricepoint (same granularity as _h). Contains all disaggregated price components for both Despegar (PP and PAD payment types) and the competitor: base prices, total prices, taxes, fees, discounts, and Booking-specific fields.",total_price_despegar_pp,decimal(23_2),Final Despegar price for PP including all fees and applied discounts.,—
lake.bi_rev_adversity_hotels_s_rates,"Satellite price detail table. One row per pricepoint (same granularity as _h). Contains all disaggregated price components for both Despegar (PP and PAD payment types) and the competitor: base prices, total prices, taxes, fees, discounts, and Booking-specific fields.",total_price_despegar_pad,decimal(22_2),Final Despegar price for PAD including all fees and applied discounts.,—
lake.bi_rev_adversity_hotels_s_rates,"Satellite price detail table. One row per pricepoint (same granularity as _h). Contains all disaggregated price components for both Despegar (PP and PAD payment types) and the competitor: base prices, total prices, taxes, fees, discounts, and Booking-specific fields.",total_price_competitor,decimal(15_2),"Estimated total final price for the competitor, including all fees and promotions. For Booking includes the Booking Pays incentive.",—
lake.bi_rev_adversity_hotels_s_rates,"Satellite price detail table. One row per pricepoint (same granularity as _h). Contains all disaggregated price components for both Despegar (PP and PAD payment types) and the competitor: base prices, total prices, taxes, fees, discounts, and Booking-specific fields.",price_before_promotion_despegar,decimal(10_2),Despegar price before any promotional discount is applied.,—
lake.bi_rev_adversity_hotels_s_rates,"Satellite price detail table. One row per pricepoint (same granularity as _h). Contains all disaggregated price components for both Despegar (PP and PAD payment types) and the competitor: base prices, total prices, taxes, fees, discounts, and Booking-specific fields.",price_before_promotion_competitor,decimal(10_2),Competitor price before any promotional discount is applied.,—
lake.bi_rev_adversity_hotels_s_rates,"Satellite price detail table. One row per pricepoint (same granularity as _h). Contains all disaggregated price components for both Despegar (PP and PAD payment types) and the competitor: base prices, total prices, taxes, fees, discounts, and Booking-specific fields.",tax_despegar_pp,decimal(10_2),Tax applied to the PP fare.,—
lake.bi_rev_adversity_hotels_s_rates,"Satellite price detail table. One row per pricepoint (same granularity as _h). Contains all disaggregated price components for both Despegar (PP and PAD payment types) and the competitor: base prices, total prices, taxes, fees, discounts, and Booking-specific fields.",tax_despegar_pad,decimal(10_2),Tax applied to the PAD fare.,—
lake.bi_rev_adversity_hotels_s_rates,"Satellite price detail table. One row per pricepoint (same granularity as _h). Contains all disaggregated price components for both Despegar (PP and PAD payment types) and the competitor: base prices, total prices, taxes, fees, discounts, and Booking-specific fields.",commission_tax_despegar_pp,decimal(10_2),Commission tax applied to the PP fare.,—
lake.bi_rev_adversity_hotels_s_rates,"Satellite price detail table. One row per pricepoint (same granularity as _h). Contains all disaggregated price components for both Despegar (PP and PAD payment types) and the competitor: base prices, total prices, taxes, fees, discounts, and Booking-specific fields.",commission_tax_despegar_pad,decimal(10_2),Commission tax applied to the PAD fare.,—
lake.bi_rev_adversity_hotels_s_rates,"Satellite price detail table. One row per pricepoint (same granularity as _h). Contains all disaggregated price components for both Despegar (PP and PAD payment types) and the competitor: base prices, total prices, taxes, fees, discounts, and Booking-specific fields.",iof_fee_despegar_pp,decimal(10_2),IOF fee (Imposto sobre Operações Financeiras) on the PP fare. Brazilian financial tax on international transactions.,—
lake.bi_rev_adversity_hotels_s_rates,"Satellite price detail table. One row per pricepoint (same granularity as _h). Contains all disaggregated price components for both Despegar (PP and PAD payment types) and the competitor: base prices, total prices, taxes, fees, discounts, and Booking-specific fields.",iof_fee_despegar_pad,decimal(10_2),IOF fee on the PAD fare.,—
lake.bi_rev_adversity_hotels_s_rates,"Satellite price detail table. One row per pricepoint (same granularity as _h). Contains all disaggregated price components for both Despegar (PP and PAD payment types) and the competitor: base prices, total prices, taxes, fees, discounts, and Booking-specific fields.",base_fee_despegar_pp,decimal(10_2),Base service fee charged by Despegar for the PP payment type.,—
lake.bi_rev_adversity_hotels_s_rates,"Satellite price detail table. One row per pricepoint (same granularity as _h). Contains all disaggregated price components for both Despegar (PP and PAD payment types) and the competitor: base prices, total prices, taxes, fees, discounts, and Booking-specific fields.",resort_fee_despegar_pp,decimal(10_2),"Mandatory resort fee charged by the hotel, reflected in the PP fare. Covers access to facilities such as pool, gym, or Wi-Fi.",—
lake.bi_rev_adversity_hotels_s_rates,"Satellite price detail table. One row per pricepoint (same granularity as _h). Contains all disaggregated price components for both Despegar (PP and PAD payment types) and the competitor: base prices, total prices, taxes, fees, discounts, and Booking-specific fields.",resort_fee_despegar_pad,decimal(10_2),Mandatory resort fee charged by the hotel reflected in the PAD fare.,—
lake.bi_rev_adversity_hotels_s_rates,"Satellite price detail table. One row per pricepoint (same granularity as _h). Contains all disaggregated price components for both Despegar (PP and PAD payment types) and the competitor: base prices, total prices, taxes, fees, discounts, and Booking-specific fields.",cleaning_fee_despegar_pp,decimal(10_2),Cleaning fee applied to the PP fare.,—
lake.bi_rev_adversity_hotels_s_rates,"Satellite price detail table. One row per pricepoint (same granularity as _h). Contains all disaggregated price components for both Despegar (PP and PAD payment types) and the competitor: base prices, total prices, taxes, fees, discounts, and Booking-specific fields.",cleaning_fee_despegar_pad,decimal(10_2),Cleaning fee applied to the PAD fare.,—
lake.bi_rev_adversity_hotels_s_rates,"Satellite price detail table. One row per pricepoint (same granularity as _h). Contains all disaggregated price components for both Despegar (PP and PAD payment types) and the competitor: base prices, total prices, taxes, fees, discounts, and Booking-specific fields.",service_rate_despegar_pp,decimal(10_2),Service charge applied to the PP fare.,—
lake.bi_rev_adversity_hotels_s_rates,"Satellite price detail table. One row per pricepoint (same granularity as _h). Contains all disaggregated price components for both Despegar (PP and PAD payment types) and the competitor: base prices, total prices, taxes, fees, discounts, and Booking-specific fields.",service_rate_despegar_pad,decimal(10_2),Service charge applied to the PAD fare.,—
lake.bi_rev_adversity_hotels_s_rates,"Satellite price detail table. One row per pricepoint (same granularity as _h). Contains all disaggregated price components for both Despegar (PP and PAD payment types) and the competitor: base prices, total prices, taxes, fees, discounts, and Booking-specific fields.",tourism_fee_despegar_pp,decimal(10_2),Tourism tax or fee applied to the PP fare.,—
lake.bi_rev_adversity_hotels_s_rates,"Satellite price detail table. One row per pricepoint (same granularity as _h). Contains all disaggregated price components for both Despegar (PP and PAD payment types) and the competitor: base prices, total prices, taxes, fees, discounts, and Booking-specific fields.",tourism_fee_despegar_pad,decimal(10_2),Tourism tax or fee applied to the PAD fare.,—
lake.bi_rev_adversity_hotels_s_rates,"Satellite price detail table. One row per pricepoint (same granularity as _h). Contains all disaggregated price components for both Despegar (PP and PAD payment types) and the competitor: base prices, total prices, taxes, fees, discounts, and Booking-specific fields.",city_tax_despegar_pp,decimal(10_2),City or municipal tax applied to the PP fare.,—
lake.bi_rev_adversity_hotels_s_rates,"Satellite price detail table. One row per pricepoint (same granularity as _h). Contains all disaggregated price components for both Despegar (PP and PAD payment types) and the competitor: base prices, total prices, taxes, fees, discounts, and Booking-specific fields.",city_tax_despegar_pad,decimal(10_2),City or municipal tax applied to the PAD fare.,—
lake.bi_rev_adversity_hotels_s_rates,"Satellite price detail table. One row per pricepoint (same granularity as _h). Contains all disaggregated price components for both Despegar (PP and PAD payment types) and the competitor: base prices, total prices, taxes, fees, discounts, and Booking-specific fields.",service_tax_despegar_pp,decimal(10_2),Service tax applied to the PP fare.,—
lake.bi_rev_adversity_hotels_s_rates,"Satellite price detail table. One row per pricepoint (same granularity as _h). Contains all disaggregated price components for both Despegar (PP and PAD payment types) and the competitor: base prices, total prices, taxes, fees, discounts, and Booking-specific fields.",service_tax_despegar_pad,decimal(10_2),Service tax applied to the PAD fare.,—
lake.bi_rev_adversity_hotels_s_rates,"Satellite price detail table. One row per pricepoint (same granularity as _h). Contains all disaggregated price components for both Despegar (PP and PAD payment types) and the competitor: base prices, total prices, taxes, fees, discounts, and Booking-specific fields.",environmental_fee_despegar_pp,decimal(10_2),Environmental or sustainability fee applied to the PP fare.,—
lake.bi_rev_adversity_hotels_s_rates,"Satellite price detail table. One row per pricepoint (same granularity as _h). Contains all disaggregated price components for both Despegar (PP and PAD payment types) and the competitor: base prices, total prices, taxes, fees, discounts, and Booking-specific fields.",environmental_fee_despegar_pad,decimal(10_2),Environmental or sustainability fee applied to the PAD fare.,—
lake.bi_rev_adversity_hotels_s_rates,"Satellite price detail table. One row per pricepoint (same granularity as _h). Contains all disaggregated price components for both Despegar (PP and PAD payment types) and the competitor: base prices, total prices, taxes, fees, discounts, and Booking-specific fields.",taxes_at_destination_despegar_pp,decimal(10_2),Taxes payable at destination (at check-in or check-out) for the PP fare.,—
lake.bi_rev_adversity_hotels_s_rates,"Satellite price detail table. One row per pricepoint (same granularity as _h). Contains all disaggregated price components for both Despegar (PP and PAD payment types) and the competitor: base prices, total prices, taxes, fees, discounts, and Booking-specific fields.",taxes_at_destination_despegar_pad,decimal(10_2),Taxes payable at destination for the PAD fare.,—
lake.bi_rev_adversity_hotels_s_rates,"Satellite price detail table. One row per pricepoint (same granularity as _h). Contains all disaggregated price components for both Despegar (PP and PAD payment types) and the competitor: base prices, total prices, taxes, fees, discounts, and Booking-specific fields.",hotel_insurance_despegar_pp,decimal(10_2),Hotel insurance cost included in the PP fare.,—
lake.bi_rev_adversity_hotels_s_rates,"Satellite price detail table. One row per pricepoint (same granularity as _h). Contains all disaggregated price components for both Despegar (PP and PAD payment types) and the competitor: base prices, total prices, taxes, fees, discounts, and Booking-specific fields.",hotel_insurance_despegar_pad,decimal(10_2),Hotel insurance cost included in the PAD fare.,—
lake.bi_rev_adversity_hotels_s_rates,"Satellite price detail table. One row per pricepoint (same granularity as _h). Contains all disaggregated price components for both Despegar (PP and PAD payment types) and the competitor: base prices, total prices, taxes, fees, discounts, and Booking-specific fields.",amenity_fee_despegar_pp,decimal(10_2),Fee for access to hotel facilities or services applied to the PP fare.,—
lake.bi_rev_adversity_hotels_s_rates,"Satellite price detail table. One row per pricepoint (same granularity as _h). Contains all disaggregated price components for both Despegar (PP and PAD payment types) and the competitor: base prices, total prices, taxes, fees, discounts, and Booking-specific fields.",amenity_fee_despegar_pad,decimal(10_2),Fee for access to hotel facilities or services applied to the PAD fare.,—
lake.bi_rev_adversity_hotels_s_rates,"Satellite price detail table. One row per pricepoint (same granularity as _h). Contains all disaggregated price components for both Despegar (PP and PAD payment types) and the competitor: base prices, total prices, taxes, fees, discounts, and Booking-specific fields.",commercial_discounts_despegar_pp,decimal(10_2),Commercial or promotional discounts applied by Despegar to the PP fare.,—
lake.bi_rev_adversity_hotels_s_rates,"Satellite price detail table. One row per pricepoint (same granularity as _h). Contains all disaggregated price components for both Despegar (PP and PAD payment types) and the competitor: base prices, total prices, taxes, fees, discounts, and Booking-specific fields.",pricematch_discount_despegar_pp,decimal(10_2),Price match discount applied by Despegar to the PP fare when matching a lower competitor price.,—
lake.bi_rev_adversity_hotels_s_rates,"Satellite price detail table. One row per pricepoint (same granularity as _h). Contains all disaggregated price components for both Despegar (PP and PAD payment types) and the competitor: base prices, total prices, taxes, fees, discounts, and Booking-specific fields.",sa_discount_despegar_pp,decimal(10_2),Smart Alerts (SA) discount applied to the PP fare.,—
lake.bi_rev_adversity_hotels_s_rates,"Satellite price detail table. One row per pricepoint (same granularity as _h). Contains all disaggregated price components for both Despegar (PP and PAD payment types) and the competitor: base prices, total prices, taxes, fees, discounts, and Booking-specific fields.",uf_discount_despegar_pp,decimal(10_2),User First (UF) loyalty discount applied to the PP fare.,—
lake.bi_rev_adversity_hotels_s_rates,"Satellite price detail table. One row per pricepoint (same granularity as _h). Contains all disaggregated price components for both Despegar (PP and PAD payment types) and the competitor: base prices, total prices, taxes, fees, discounts, and Booking-specific fields.",resort_fee_competitor,decimal(10_2),Mandatory resort fee according to the competitor price.,—
lake.bi_rev_adversity_hotels_s_rates,"Satellite price detail table. One row per pricepoint (same granularity as _h). Contains all disaggregated price components for both Despegar (PP and PAD payment types) and the competitor: base prices, total prices, taxes, fees, discounts, and Booking-specific fields.",cleaning_fee_competitor,decimal(10_2),Cleaning fee according to the competitor price.,—
lake.bi_rev_adversity_hotels_s_rates,"Satellite price detail table. One row per pricepoint (same granularity as _h). Contains all disaggregated price components for both Despegar (PP and PAD payment types) and the competitor: base prices, total prices, taxes, fees, discounts, and Booking-specific fields.",service_rate_competitor,decimal(10_2),Service charge according to the competitor price.,—
lake.bi_rev_adversity_hotels_s_rates,"Satellite price detail table. One row per pricepoint (same granularity as _h). Contains all disaggregated price components for both Despegar (PP and PAD payment types) and the competitor: base prices, total prices, taxes, fees, discounts, and Booking-specific fields.",tourism_fee_competitor,decimal(10_2),Tourism fee according to the competitor price.,—
lake.bi_rev_adversity_hotels_s_rates,"Satellite price detail table. One row per pricepoint (same granularity as _h). Contains all disaggregated price components for both Despegar (PP and PAD payment types) and the competitor: base prices, total prices, taxes, fees, discounts, and Booking-specific fields.",city_tax_competitor,decimal(10_2),City or municipal tax according to the competitor price.,—
lake.bi_rev_adversity_hotels_s_rates,"Satellite price detail table. One row per pricepoint (same granularity as _h). Contains all disaggregated price components for both Despegar (PP and PAD payment types) and the competitor: base prices, total prices, taxes, fees, discounts, and Booking-specific fields.",service_tax_competitor,decimal(10_2),Service tax according to the competitor price.,—
lake.bi_rev_adversity_hotels_s_rates,"Satellite price detail table. One row per pricepoint (same granularity as _h). Contains all disaggregated price components for both Despegar (PP and PAD payment types) and the competitor: base prices, total prices, taxes, fees, discounts, and Booking-specific fields.",environmental_fee_competitor,decimal(10_2),Environmental fee according to the competitor price.,—
lake.bi_rev_adversity_hotels_s_rates,"Satellite price detail table. One row per pricepoint (same granularity as _h). Contains all disaggregated price components for both Despegar (PP and PAD payment types) and the competitor: base prices, total prices, taxes, fees, discounts, and Booking-specific fields.",taxes_at_destination_competitor,decimal(10_2),Taxes payable at destination according to the competitor price.,—
lake.bi_rev_adversity_hotels_s_rates,"Satellite price detail table. One row per pricepoint (same granularity as _h). Contains all disaggregated price components for both Despegar (PP and PAD payment types) and the competitor: base prices, total prices, taxes, fees, discounts, and Booking-specific fields.",hotel_insurance_competitor,decimal(10_2),Hotel insurance cost according to the competitor price.,—
lake.bi_rev_adversity_hotels_s_rates,"Satellite price detail table. One row per pricepoint (same granularity as _h). Contains all disaggregated price components for both Despegar (PP and PAD payment types) and the competitor: base prices, total prices, taxes, fees, discounts, and Booking-specific fields.",booking_pays,decimal(10_2),Amount subsidized by Booking.com to reduce the displayed price. Included in the total competitor price.,—
lake.bi_rev_adversity_hotels_s_rates,"Satellite price detail table. One row per pricepoint (same granularity as _h). Contains all disaggregated price components for both Despegar (PP and PAD payment types) and the competitor: base prices, total prices, taxes, fees, discounts, and Booking-specific fields.",discount_name_bkg_1,varchar,Name of the 1st discount applied by Booking to the competitor price.,—
lake.bi_rev_adversity_hotels_s_rates,"Satellite price detail table. One row per pricepoint (same granularity as _h). Contains all disaggregated price components for both Despegar (PP and PAD payment types) and the competitor: base prices, total prices, taxes, fees, discounts, and Booking-specific fields.",discount_amount_bkg_1,double,Amount of the 1st Booking discount.,—
lake.bi_rev_adversity_hotels_s_rates,"Satellite price detail table. One row per pricepoint (same granularity as _h). Contains all disaggregated price components for both Despegar (PP and PAD payment types) and the competitor: base prices, total prices, taxes, fees, discounts, and Booking-specific fields.",discount_name_bkg_2,varchar,Name of the 2nd discount applied by Booking.,—
lake.bi_rev_adversity_hotels_s_rates,"Satellite price detail table. One row per pricepoint (same granularity as _h). Contains all disaggregated price components for both Despegar (PP and PAD payment types) and the competitor: base prices, total prices, taxes, fees, discounts, and Booking-specific fields.",discount_amount_bkg_2,double,Amount of the 2nd Booking discount.,—
lake.bi_rev_adversity_hotels_s_rates,"Satellite price detail table. One row per pricepoint (same granularity as _h). Contains all disaggregated price components for both Despegar (PP and PAD payment types) and the competitor: base prices, total prices, taxes, fees, discounts, and Booking-specific fields.",discount_name_bkg_3,varchar,Name of the 3rd discount applied by Booking.,—
lake.bi_rev_adversity_hotels_s_rates,"Satellite price detail table. One row per pricepoint (same granularity as _h). Contains all disaggregated price components for both Despegar (PP and PAD payment types) and the competitor: base prices, total prices, taxes, fees, discounts, and Booking-specific fields.",discount_amount_bkg_3,double,Amount of the 3rd Booking discount.,—
lake.bi_rev_adversity_hotels_s_rates,"Satellite price detail table. One row per pricepoint (same granularity as _h). Contains all disaggregated price components for both Despegar (PP and PAD payment types) and the competitor: base prices, total prices, taxes, fees, discounts, and Booking-specific fields.",discount_name_bkg_4,varchar,Name of the 4th discount applied by Booking.,—
lake.bi_rev_adversity_hotels_s_rates,"Satellite price detail table. One row per pricepoint (same granularity as _h). Contains all disaggregated price components for both Despegar (PP and PAD payment types) and the competitor: base prices, total prices, taxes, fees, discounts, and Booking-specific fields.",discount_amount_bkg_4,double,Amount of the 4th Booking discount.,—
lake.bi_rev_adversity_hotels_s_rates,"Satellite price detail table. One row per pricepoint (same granularity as _h). Contains all disaggregated price components for both Despegar (PP and PAD payment types) and the competitor: base prices, total prices, taxes, fees, discounts, and Booking-specific fields.",discount_name_bkg_5,varchar,Name of the 5th discount applied by Booking.,—
lake.bi_rev_adversity_hotels_s_rates,"Satellite price detail table. One row per pricepoint (same granularity as _h). Contains all disaggregated price components for both Despegar (PP and PAD payment types) and the competitor: base prices, total prices, taxes, fees, discounts, and Booking-specific fields.",discount_amount_bkg_5,double,Amount of the 5th Booking discount.,—
lake.bi_rev_adversity_hotels_s_rates,"Satellite price detail table. One row per pricepoint (same granularity as _h). Contains all disaggregated price components for both Despegar (PP and PAD payment types) and the competitor: base prices, total prices, taxes, fees, discounts, and Booking-specific fields.",discount_name_bkg_6,varchar,Name of the 6th discount applied by Booking.,—
lake.bi_rev_adversity_hotels_s_rates,"Satellite price detail table. One row per pricepoint (same granularity as _h). Contains all disaggregated price components for both Despegar (PP and PAD payment types) and the competitor: base prices, total prices, taxes, fees, discounts, and Booking-specific fields.",discount_amount_bkg_6,double,Amount of the 6th Booking discount.,—
lake.bi_rev_adversity_hotels_s_roompack,"Satellite room attributes table. One row per pricepoint (same granularity as _h). Contains payment type, cancellation policy, room type, and board type (meal plan) for both Despegar (PP and PAD) and the competitor. Used by the competitiveness tipificador to assess whether a price loss is explained by a product mismatch.",pricepoint_id,varchar,Unique technical identifier for the pricepoint. Same value as in bi_rev_adversity_hotels_h.,—
lake.bi_rev_adversity_hotels_s_roompack,"Satellite room attributes table. One row per pricepoint (same granularity as _h). Contains payment type, cancellation policy, room type, and board type (meal plan) for both Despegar (PP and PAD) and the competitor. Used by the competitiveness tipificador to assess whether a price loss is explained by a product mismatch.",crawling_date,date,Date on which the pricepoint was crawled.,—
lake.bi_rev_adversity_hotels_s_roompack,"Satellite room attributes table. One row per pricepoint (same granularity as _h). Contains payment type, cancellation policy, room type, and board type (meal plan) for both Despegar (PP and PAD) and the competitor. Used by the competitiveness tipificador to assess whether a price loss is explained by a product mismatch.",payment_type_despegar,varchar,Payment type available for the Despegar offer.,prepaid | paid at destination
lake.bi_rev_adversity_hotels_s_roompack,"Satellite room attributes table. One row per pricepoint (same granularity as _h). Contains payment type, cancellation policy, room type, and board type (meal plan) for both Despegar (PP and PAD) and the competitor. Used by the competitiveness tipificador to assess whether a price loss is explained by a product mismatch.",payment_type_competitor,varchar,Payment type available for the competitor offer.,prepaid | paid at destination
lake.bi_rev_adversity_hotels_s_roompack,"Satellite room attributes table. One row per pricepoint (same granularity as _h). Contains payment type, cancellation policy, room type, and board type (meal plan) for both Despegar (PP and PAD) and the competitor. Used by the competitiveness tipificador to assess whether a price loss is explained by a product mismatch.",cancellation_policy_despegar_pp,varchar,Cancellation policy for the Despegar PP offer. Note: fully_refundable and partially_refundable are treated as equivalent in the tipificador.,fully_refundable | partially_refundable | non_refundable
lake.bi_rev_adversity_hotels_s_roompack,"Satellite room attributes table. One row per pricepoint (same granularity as _h). Contains payment type, cancellation policy, room type, and board type (meal plan) for both Despegar (PP and PAD) and the competitor. Used by the competitiveness tipificador to assess whether a price loss is explained by a product mismatch.",cancellation_policy_despegar_pad,varchar,Cancellation policy for the Despegar PAD offer.,fully_refundable | partially_refundable | non_refundable
lake.bi_rev_adversity_hotels_s_roompack,"Satellite room attributes table. One row per pricepoint (same granularity as _h). Contains payment type, cancellation policy, room type, and board type (meal plan) for both Despegar (PP and PAD) and the competitor. Used by the competitiveness tipificador to assess whether a price loss is explained by a product mismatch.",cancellation_policy_competitor,varchar,Cancellation policy for the competitor offer.,fully_refundable | partially_refundable | non_refundable
lake.bi_rev_adversity_hotels_s_roompack,"Satellite room attributes table. One row per pricepoint (same granularity as _h). Contains payment type, cancellation policy, room type, and board type (meal plan) for both Despegar (PP and PAD) and the competitor. Used by the competitiveness tipificador to assess whether a price loss is explained by a product mismatch.",roomtype_despegar_pp,varchar,Room type name offered by Despegar in PP mode. Free text.,—
lake.bi_rev_adversity_hotels_s_roompack,"Satellite room attributes table. One row per pricepoint (same granularity as _h). Contains payment type, cancellation policy, room type, and board type (meal plan) for both Despegar (PP and PAD) and the competitor. Used by the competitiveness tipificador to assess whether a price loss is explained by a product mismatch.",roomtype_despegar_pad,varchar,Room type name offered by Despegar in PAD mode. Free text.,—
lake.bi_rev_adversity_hotels_s_roompack,"Satellite room attributes table. One row per pricepoint (same granularity as _h). Contains payment type, cancellation policy, room type, and board type (meal plan) for both Despegar (PP and PAD) and the competitor. Used by the competitiveness tipificador to assess whether a price loss is explained by a product mismatch.",roomtype_competitor,varchar,Room type name offered by the competitor. Free text.,—
lake.bi_rev_adversity_hotels_s_roompack,"Satellite room attributes table. One row per pricepoint (same granularity as _h). Contains payment type, cancellation policy, room type, and board type (meal plan) for both Despegar (PP and PAD) and the competitor. Used by the competitiveness tipificador to assess whether a price loss is explained by a product mismatch.",boardtype_despegar_pp,varchar,Meal plan offered by Despegar in PP mode. Mapped to standard codes.,A (All Inclusive) | B (Breakfast) | BRA (American Breakfast) | BRB (Buffet Breakfast) | BRC (Continental Breakfast) | F (Full Board) | H (Room Only) | M (Half Board)
lake.bi_rev_adversity_hotels_s_roompack,"Satellite room attributes table. One row per pricepoint (same granularity as _h). Contains payment type, cancellation policy, room type, and board type (meal plan) for both Despegar (PP and PAD) and the competitor. Used by the competitiveness tipificador to assess whether a price loss is explained by a product mismatch.",boardtype_despegar_pad,varchar,Meal plan offered by Despegar in PAD mode. Same standard codes as boardtype_despegar_pp.,A | B | BRA | BRB | BRC | F | H | M
lake.bi_rev_adversity_hotels_s_roompack,"Satellite room attributes table. One row per pricepoint (same granularity as _h). Contains payment type, cancellation policy, room type, and board type (meal plan) for both Despegar (PP and PAD) and the competitor. Used by the competitiveness tipificador to assess whether a price loss is explained by a product mismatch.",boardtype_competitor,varchar,Free text describing the competitor meal plan. Not mapped to standard codes. Prices in the text imply meal not included.,Free text (no standard code)
lake.bi_rev_adversity_hotels_s_roompack,"Satellite room attributes table. One row per pricepoint (same granularity as _h). Contains payment type, cancellation policy, room type, and board type (meal plan) for both Despegar (PP and PAD) and the competitor. Used by the competitiveness tipificador to assess whether a price loss is explained by a product mismatch.",tags_pp,varchar,Tags available for the selected PP option. Pipe-separated.,free_cancellation | flexible_cancellation_policy | etc.
lake.bi_rev_adversity_hotels_s_roompack,"Satellite room attributes table. One row per pricepoint (same granularity as _h). Contains payment type, cancellation policy, room type, and board type (meal plan) for both Despegar (PP and PAD) and the competitor. Used by the competitiveness tipificador to assess whether a price loss is explained by a product mismatch.",tags_pad,varchar,Tags available for the selected PAD option. Pipe-separated.,free_cancellation | flexible_cancellation_policy | etc.
